,Kenya Shilling Monthly Average Exchange Rates\1,,,,,,,,,,,,,,,,,,,,,,,,,,,,,
Year,Month,United States dollar,Sterling pound,Euro,South Africa Rand,Uganda shilling\2,Tanzania shilling\2,Rwanda Franc,Burundi Franc,AE Dirham,Deutch Mark,Canadian dollar,French franc,Swiss franc,Dutch guilder,Italian lira,Belgium franc,Japanese yen (100),Swdish kroner,Norwegian kroner,Danish kroner,Austrian schilling,Finn marka,Spanish peseta,Indian rupee,Hong  kong dollar,Singapore dollar,Saudi riyal,Chinese Yuan,Australian dollar
1993,1,36.23,55.62,,,,,,,,22.44,28.36,6.62,24.54,19.96,2.43,1.09,29,5.01,5.28,5.74,3.19,6.71,31.64,1.4,,,,,
1993,2,36.56,52.68,,,,,,,,22.28,29.01,6.58,24.08,19.79,2.37,1.08,30.21,4.85,5.24,5.78,3.17,6.29,31.16,1.41,,,,,
1993,3,43.12,62.92,,,,,,,,26.16,34.59,7.7,28.26,23.28,2.71,1.27,36.83,5.58,6.13,6.78,3.72,7.21,36.62,1.44,,,,,
1993,4,51.88,80.34,,,,,,,,32.57,41.12,9.63,35.66,28.99,3.39,1.58,46.26,6.99,7.68,8.48,4.63,9.47,45.9,1.65,,,,,
1993,5,62.16,96.38,,,,,,,,38.73,49,11.49,42.94,34.53,4.22,1.88,56.36,8.5,9.15,10.08,5.5,11.33,51.43,1.98,,,,,
1993,6,64.15,96.97,,,,,,,,38.86,50.18,11.55,43.51,34.64,4.27,1.89,59.79,8.64,9.19,10.11,5.53,11.56,50.59,2.04,,,,,
1993,7,65.33,97.94,,,,,,,,38.17,50.97,11.22,43.19,33.95,4.18,1.85,60.69,8.27,9,9.45,5.42,11.35,48.79,2.08,,,,,
1993,8,65.42,97.74,,,,,,,,38.6,50.09,11.04,43.73,34.31,4.08,1.82,63.07,8.15,8.9,9.52,5.48,11.24,47.21,2.09,,,,,
1993,9,65.8,100.32,,,,,,,,40.54,49.84,11.6,46.44,36.11,4.2,1.89,62.49,8.22,9.3,9.92,5.77,11.43,51.04,2.1,,,,,
1993,10,67.97,102.12,,19.99,,,,,,41.45,51.28,11.84,47.22,36.93,4.25,1.91,63.59,8.55,9.49,10.27,5.9,11.83,50.02,2.16,,,,,
1993,11,68.98,102.16,,20.5,,,,,,40.62,52.42,11.68,46.12,36.2,4.15,1.91,64.02,8.37,9.35,10.21,5.78,11.91,50.34,2.2,,,,,
1993,12,68.41,101.94,,20.16,,,,,,39.99,51.38,11.7,46.71,35.69,4.05,1.92,62.35,8.19,9.22,10.2,5.69,11.9,48.74,2.18,,,,,
1994,1,67.93,101.33,,19.75,,,,,,39,51.56,11.48,46.11,34.83,4,1.88,60.97,8.36,9.05,10.04,5.55,11.94,47.43,2.17,,,,,
1994,2,67.41,99.75,,19.55,,,,,,38.85,50.28,11.44,46.27,34.65,4,1.89,63.35,8.46,9.01,9.97,5.52,12.1,47.82,2.15,,,,,
1994,3,66.05,98.58,,19.12,,,,,,39.03,48.5,11.46,46.34,34.74,3.96,1.9,62.87,8.35,9,9.92,5.55,11.95,47.59,2.11,,,,,
1994,4,62.78,93.07,,17.6,,,,,,36.97,45.4,10.8,43.4,32.89,3.84,1.79,60.65,7.94,8.5,9.41,5.24,11.46,45.52,2.02,,,,,
1994,5,58.05,87.31,,16.02,,,,,,35.06,42.13,10.24,41.14,31.22,3.64,1.7,56.08,7.53,8.07,8.94,4.97,10.73,42.59,1.85,,,,,
1994,6,56.17,85.67,,15.5,,,,,,34.45,40.7,10.1,40.86,30.77,3.53,1.67,54.72,7.23,7.95,8.82,5.27,10.38,41.74,1.79,,,,,
1994,7,55.97,86.5,,15.27,,,,,,35.65,40.53,10.41,42.26,31.78,3.57,1.73,56.8,7.23,8.17,9.09,5.08,10.72,43.13,1.79,,,,,
1994,8,55.53,85.7,,15.41,,,,,,35.51,40.02,10.37,42.11,31.61,3.51,1.72,55.65,7.19,8.1,8.99,5.04,10.79,42.82,1.79,,,,,
1994,9,51.66,80.6,,14.51,,,,,,33.27,38.08,9.73,39.9,29.66,3.3,1.62,52.21,6.85,7.59,8.45,4.73,10.38,40.11,1.66,,,,,
1994,10,42.38,67.99,,11.95,,,,,,27.87,31.27,8.14,33.49,24.89,2.74,1.35,43.07,5.84,6.37,7.07,3.96,8.99,33.38,1.38,,,,,
1994,11,43.5,68.96,,12.32,,,,,,28.26,31.68,8.24,33.56,25.17,2.74,1.37,44.38,5.94,6.49,7.22,4.06,9.14,33.9,1.39,,,,,
1994,12,45.18,70.49,,12.7,,,,,,28.77,32.59,8.37,34.03,25.84,2.78,1.4,45.16,6.04,6.62,7.36,4.1,9.35,34.27,1.45,,,,,
1995,1,44.48,70.03,,12.55,,,,,,29.06,31.44,8.41,34.57,25.92,2.78,1.42,44.64,5.97,,7.39,4.14,9.4,,1.43,,,,,
1995,2,44.47,69.94,,12.5,,,,,,29.61,31.64,8.51,34.99,26.4,2.76,1.44,45.29,6.06,,7.51,4.21,9.57,,1.42,,,,,
1995,3,44.14,70.62,,12.27,,,,,,31.24,31.32,8.88,37.67,27.98,2.62,1.57,48.69,6.09,,7.77,4.45,10.07,,1.4,,,,,
1995,4,43.99,70.79,,12.21,,,,,,31.93,31.94,9.11,38.76,28.51,2.54,1.55,52.63,6,,8.12,4.54,10.3,,1.4,,,,,
1995,5,51.89,82.21,,14.14,,,,,,36.88,38.15,10.42,44.43,32.91,3.17,1.79,61.13,7.15,,9.38,5.25,11.92,,1.66,,,,,
1995,6,53.62,85.55,,14.67,,,,,,38.14,38.9,10.92,46.33,34.21,3.3,1.87,63.5,7.44,,9.82,5.46,12.53,,1.72,,,,,
1995,7,56.59,90.25,,15.56,,,,,,40.85,41.51,11.74,49.09,36.47,3.54,1.99,65.05,7.92,,10.49, -   ,13.37,,1.81,,,,,
1995,8,55.7,87.43,,15.33,,,,,,38.83,41.1,11.24,46.66,34.48,3.49,1.88,59.01,7.73,,9.98,5.52,13.03,,1.78,,,,,
1995,9,55.43,86.35,,15.16,,,,,,37.94,41.09,12.68,46.65,33.86,3.45,1.85,55.18,7.78,,9.79,5.42,12.72,,1.7,,,,,
1995,10,55.52,87.67,,15.23,,,,,,39.31,41.25,11.28,48.55,35.08,3.48,1.91,55.2,8.14,,10.14,5.6,13.14,,1.64,,,,,
1995,11,55.54,86.9,,15.25,,,,,,39.25,41.09,11.4,48.68,35.04,3.51,1.91,54.51,8.44,,10.15,5.61,13.13,,1.63,,,,,
1995,12,55.8,85.97,,15.25,,,,,,38.77,40.79,11.27,47.99,34.65,3.46,1.89,54.84,8.45,,10.03,5.52,12.97,,1.63,,,,,
1996,1,56.71,86.79,,15.58,,,,,,38.74,41.54,11.35,48.11,34.66,3.59,1.89,53.72,8.45,,10.05,5.53,12.81,,1.61,,,,,
1996,2,58.29,89.57,,15.63,,,,,,39.76,42.49,11.57,48.78,35.71,3.71,1.93,55.12,8.48,,10.37,5.66,12.83,,1.6,,,,,
1996,3,58.41,89.25,,14.89,,,,,,39.35,42.78,11.55,48.87,35.34,3.74,1.93,55.19,8.67,,10.24,5.63,12.71,,1.7,,,,,
1996,4,58.37,88.49,,13.93,,,,,,38.8,42.98,11.43,47.9,34.69,3.73,1.89,54.4,8.69,,10.06,5.52,12.36,,1.71,,,,,
1996,5,58.24,88.18,,13.34,,,,,,37.96,42.55,11.23,45.86,33.98,3.74,1.85,54.75,8.57,,9.84,5.4,12.26,,1.67,,,,,
1996,6,57.99,89.42,,13.34,,,,,,37.98,42.48,11.21,46.13,33.89,3.76,1.85,53.27,8.69,,9.75,5.62,12.43,,1.67,,,,,
1996,7,57.31,89.08,,13.08,18.38,10.49,,,,38.09,41.89,11.25,46.45,33.93,3.76,1.86,52.45,8.65,,9.83,5.42,12.51,,1.62,,,,,
1996,8,56.99,88.36,,12.6,18.71,10.39,,,,38.47,41.55,11.27,47.44,34.29,3.76,1.87,52.89,8.62,,9.95,5.47,12.74,,1.6,,,,,
1996,9,56.43,88.02,,12.6,19.04,10.47,,,,37.5,41.21,11.01,45.88,33.45,3.72,1.83,51.39,8.5,,9.69,5.33,12.45,,1.59,,,,,
1996,10,55.86,88.55,,12.23,19.77,10.59,,,,36.56,41.35,10.82,44.44,32.61,3.67,1.78,49.76,8.47,,9.54,5.2,12.24,,1.57,,,,,
1996,11,55.62,92.44,,11.95,19.57,10.74,,,,36.8,41.59,10.91,43.68,32.83,3.68,1.79,49.56,8.41,,9.59,5.23,12.24,,1.56,,,,,
1996,12,55.15,91.82,,11.78,19.08,10.8,,,,35.55,40.52,10.53,41.58,31.74,3.61,1.73,48.44,8.11,,9.29,5.07,11.89,,1.55,,,,,
1997,1,54.74,91.09,,11.77,19.01,10.9,,,,34.18,40.56,10.13,39.41,30.44,3.5,1.66,46.51,7.73,,8.96,4.86,11.5,,1.53,,,,,
1997,2,54.93,89.31,,12.32,18.88,10.9,,,,32.86,40.54,9.72,37.82,29.22,3.32,1.6,44.67,7.43,,8.59,4.88,11.06,,1.54,,,,,
1997,3,54.89,88.23,,12.39,18.75,10.92,,,,32.34,40.06,9.59,37.47,28.75,3.24,1.57,44.78,7.18,,8.48,4.6,10.83,,1.54,,,,,
1997,4,54.38,88.68,,12.25,19.07,11.02,,,,31.81,39.02,9.44,37.24,28.28,3.21,1.55,43.3,7.08,,8.35,4.52,10.61,,1.52,,,,,
1997,5,53.75,87.79,,12.03,19.82,11.34,,,,31.59,38.97,9.37,37.61,28.08,3.2,1.54,45.25,7,,8.3,4.48,10.48,,1.51,,,,,
1997,6,54.24,89.22,,12.06,19.68,11.52,,,,31.43,39.18,9.32,37.67,27.94,3.21,1.53,47.51,7.02,,8.26,4.47,10.49,,1.52,,,,,
1997,7,57.36,95.94,,12.6,18.6,10.9,,,,32.06,41.67,9.51,38.79,28.48,3.3,1.56,49.82,7.35,,8.39,4.56,10.83,,1.61,,,,,
1997,8,67.12,107.72,,14.31,16.26,9.27,,,,36.4,48.33,10.82,44.36,32.37,3.73,1.77,56.93,8.4,,9.48,5.37,12.19,,1.87,,,,,
1997,9,63.77,102.11,,13.6,17.45,9.68,,,,35.64,45.97,10.57,43.31,31.66,3.65,1.73,52.8,8.28,,9.36,5.06,11.91,,1.76,,,,,
1997,10,62.64,102.22,,13.32,18.17,9.83,,,,35.68,45.01,10.64,40.16,31.7,3.66,1.74,51.74,8.28,,9.29,5.07,11.91,,1.74,,,,,
1997,11,63.93,107.88,,13.26,17.93,9.58,,,,36.95,45.27,11.04,45.49,32.78,3.78,1.79,51.18,8.47,,9.67,5.26,12.27,,1.73,,,,,
1997,12,63.05,104.76,,12.95,18.14,9.88,,,,35.46,44.25,10.6,43.84,31.47,3.62,1.72,48.77,8.1,,9.3,5.05,11.74,,1.62,,,,,
1998,1,61.16,100.08,,12.38,18.76,10.31,,,,33.75,42.53,10.07,41.53,29.9,3.43,1.64,47.16,7.64,,8.81,4.79,11.15,,1.57,,,,,
1998,2,60.52,99.25,,12.27,19.05,10.66,,,,33.37,42.17,9.93,41.28,29.62,3.38,1.62,48.11,7.5,,8.72,4.9,11.02,,1.56,,,,,
1998,3,60.13,99.86,,12.1,19.16,11.14,,,,32.95,42.46,9.83,40.44,29.23,3.35,1.6,46.74,7.56,,8.64,4.69,10.81,,1.53,,,,,
1998,4,59.61,99.74,,11.81,19.47,11.14,,,,32.89,41.74,9.81,39.6,29.19,3.34,1.6,45.14,7.63,,8.62,4.67,10.83,,1.51,,,,,
1998,5,62.6,102.53,,12.29,19.3,10.62,,,,35.29,43.34,10.53,42.37,31.32,3.58,1.72,46.39,8.14,,9.26,5.02,11.62,,1.55,,,,,
1998,6,60.52,99.8,,11.32,20.33,10.96,,,,33.79,41.3,10.08,40.53,29.97,3.44,1.64,43.07,7.66,,8.79,4.8,11.12,,1.44,,,,,
1998,7,59.34,97.65,,9.54,20.8,11.25,,,,33.03,39.98,9.84,39.22,29.29,3.36,1.61,42.21,7.43,,8.67,4.69,10.87,,1.4,,,,,
1998,8,59.37,97.02,,9.42,20.92,11.26,,,,33.22,38.76,9.91,39.75,29.46,3.37,1.62,41.09,7.31,,8.72,4.72,10.94,,1.39,,,,,
1998,9,60.01,100.85,,9.79,21.26,11.15,,,,35.25,39.42,10.52,42.82,31.25,3.57,1.71,44.64,7.6,,9.15,5.01,11.59,,1.41,,,,,
1998,10,59.87,101.43,,10.34,21.85,11.27,,,,36.51,38.83,10.88,44.75,32.36,3.7,1.77,49.37,7.63,,9.47,5.19,12,,1.42,,,,,
1998,11,59.63,99.13,,10.56,22.6,11.33,,,,36.64,41.58,10.58,43.11,31.46,3.59,1.72,49.58,7.46,,9.34,5.05,11.68,,1.41,,,,,
1998,12,61.82,103.19,,10.6,22.1,10.98,,,,37,40.16,11.03,45.37,32.8,3.74,1.79,52.5,7.66,,9.72,5.26,12.15,,1.45,,,,,
1999,1,61.8,101.99,71.75,10.35,22.09,11.03,,,,36.69,40.66,10.94,44.68,32.56,3.71,1.78,54.61,7.89,,9.64,5.22,12.08,,1.46,,,,,
1999,2,62.5,101.83,70.07,10.23,22,10.83,,,,35.84,41.75,10.68,43.84,31.8,3.61,1.74,53.63,7.88,,9.44,5.09,11.79,,1.47,,,,,
1999,3,64.01,103.8,69.72,10.31,21.57,10.8,,,,35.68,42.18,10.63,43.71,31.64,3.59,1.73,53.54,7.8,,9.39,5.07,11.44,,1.51,,,,,
1999,4,65.65,105.83,70.28,10.74,21.9,10.56,,,,35.94,44.12,10.72,43.89,31.89,3.62,1.74,54.93,7.89,,9.47,5.26,11.82,,1.54,,,,,
1999,5,68.82,111.15,73.18,11.14,22.23,10.31,,,,37.42,47.11,11.16,45.72,33.2,3.77,1.82,56.49,8.16,,9.67,5.32,12.32,,1.62,,,,,
1999,6,73.61,117.52,76.41,12.1,19.64,9.73,,,,39.08,50.1,11.65,46.18,34.68,3.94,1.89,60.96,8.65,,10.09,5.55,12.85,,1.71,,,,,
1999,7,73.1,115.08,75.68,11.97,19.9,10.47,,,,38.69,49.23,11.54,47.14,34.34,3.9,1.88,61.09,8.65,,10.13,5.5,12.73,,1.69,,,,,
1999,8,74.41,119.55,78.95,12.14,19.65,10.65,,,,40.38,49.83,12.04,49.35,35.83,4.07,1.96,65.65,9.01,,10.62,5.74,13.28,,1.72,,,,,
1999,9,75.68,122.8,79.48,12.5,19.66,10.54,,,,40.64,51.21,12.12,47.9,36.07,4.1,1.97,70.61,9.21,,10.69,5.91,13.37,,1.74,,,,,
1999,10,75.57,125.26,80.98,12.41,19.99,10.55,,,,41.41,51.2,12.35,50.81,36.75,4.18,2.01,71.3,9.29,,10.9,5.89,13.62,,1.74,,,,,
1999,11,74.79,121.43,77.44,12.18,20.11,10.66,,,,39.59,50.98,11.81,48.23,35.12,4,1.92,71.39,8.96,,10.41,5.63,13.03,,1.73,,,,,
1999,12,73.94,119.31,74.86,12.03,20.31,10.79,,,,38.06,50.15,11.41,46.77,33.97,3.86,1.86,72.08,8.69,,10.02,5.44,12.59,,1.7,,,,,
2000,1,70.68,116.02,71.83,11.54,21.3,11.31,,,19.24,36.69,48.8,10.94,44.58,32.56,3.7,1.78,67.24,8.29,8.84,9.64,5.22,12.12,43.13,1.62,,,,,
2000,2,73.22,117.42,72.03,11.6,20.76,10.93,,,19.94,36.88,50.49,11,44.78,33.17,3.71,1.79,66.98,8.48,8.86,9.68,5.25,12.17,43.25,1.68,,,,,
2000,3,74.43,117.58,71.83,11.53,20.32,10.76,,,20.27,37.35,50.96,10.96,44.73,32.61,3.7,1.78,69.8,8.55,8.86,9.64,5.22,12.09,43.2,1.71,,,,,
2000,4,74.36,117.82,70.54,11.23,20.46,10.76,,,20.25,36.07,50.71,10.78,44.76,32.01,3.64,1.75,70.58,8.53,8.67,9.46,5.29,11.87,42.38,1.7,,,,,
2000,5,75.97,114.7,68.92,10.81,20.48,10.52,,,20.67,35.24,50.82,10.56,44.27,31.28,3.56,1.8,70.2,8.37,8.41,9.25,5.01,11.59,41.44,1.73,,,,,
2000,6,77.55,117.04,73.67,11.2,20.32,10.31,,,21.11,37.67,52.52,11.26,47.23,33.43,3.79,1.83,73.05,8.87,8.93,9.87,5.5,12.4,44.25,1.74,,,20.68,,46.59
2000,7,76.41,115.36,71.91,11.11,21.03,10.46,,,20.77,36.77,51.72,11,46.36,32.63,3.72,1.78,70.89,8.55,8.8,9.67,5.23,12.09,43.3,1.71,9.79,41.85,20.35,,44.62
2000,8,76.45,113.91,69.26,10.99,21.99,10.46,,,20.81,35.43,51.59,10.61,44.66,31.44,3.58,1.72,70.71,8.25,8.56,9.3,5.04,11.65,41.66,1.67,9.8,44.44,20.38,,44.47
2000,9,78.2,112,68.09,10.87,22.68,10.24,,,21.29,34.8,52.72,10.45,44.51,30.9,3.52,1.69,73.24,8.1,8.48,9.13,4.95,11.45,40.93,1.7,10.03,44.99,20.85,,43.31
2000,10,79.26,115.17,67.79,10.61,23.09,10.09,,,21.58,34.66,52.42,10.43,44.8,30.76,3.51,1.68,73.13,7.95,8.47,9.1,4.93,11.41,40.74,1.71,10.16,45.25,21.13,,41.85
2000,11,78.86,112.52,67.45,10.26,23.43,10.16,,,21.47,34.5,51.15,10.37,44.38,30.62,3.49,1.67,72.44,7.86,8.46,9.05,4.89,11.35,40.55,1.69,10.11,45.14,21.02,,41.23
2000,12,78.73,114.92,70.45,10.3,22.45,10.19,,,21.44,36.03,51.63,10.77,46.61,31.98,3.64,1.75,70.32,8.14,8.66,9.42,5.12,11.86,42.28,1.69,10.1,45.32,20.99,,43
2001,1,78.61,116.25,73.81,10.12,23.19,10.22,,,21.4,37.74,52.31,11.28,48.29,33.51,3.81,1.83,67.3,8.33,9.01,9.44,5.37,12.42,44.36,1.69,10.08,45.24,20.96,,43.72
2001,2,78.25,113.79,72.16,10.04,22.13,10.4,,,21.3,36.9,51.45,11.05,47,32.75,3.73,1.79,67.37,8.08,8.79,9.67,5.25,12.14,43.37,1.69,10.03,44.84,20.86,,41.87
2001,3,77.75,112.43,70.81,9.86,22.47,10.7,,,21.17,36.21,49.96,10.82,46.1,32.14,3.66,1.76,64.17,7.78,8.65,9.48,5.15,11.91,42.55,1.67,9.97,43.92,20.73,,39.23
2001,4,77.5,111.2,69.19,9.59,22.87,11.36,,,21.1,35.35,49.7,10.57,45.25,31.39,3.57,1.72,62.65,7.6,8.53,9.28,5.02,11.65,41.62,1.66,9.94,42.78,20.66,,38.78
2001,5,78.54,112.05,68.83,9.85,22.8,11.34,,,21.45,35.17,50.95,10.52,44.87,31.21,3.56,1.71,64.49,7.6,8.55,9.24,5,11.56,41.39,1.67,10.07,43.29,20.94,,40.89
2001,6,78.62,110.29,67.15,9.77,22.62,11.33,,,21.41,34.33,51.55,10.31,44.12,30.48,3.47,1.66,64.45,7.3,8.46,9,4.9,11.3,40.34,1.67,10.08,43.29,22.04,,39.74
2001,7,79.02,111.64,67.83,9.62,21.93,11.27,,,21.5,34.65,51.68,10.37,44.82,30.83,3.5,1.68,63.38,7.33,8.52,9.13,4.93,11.43,40.83,1.68,10.13,43.31,21.06,,40.27
2001,8,78.91,113.37,71.04,9.51,22.17,11.3,,,21.48,36.31,49.58,10.83,46.92,32.25,3.67,1.76,64.94,7.68,8.76,9.55,5.16,11.95,42.72,1.68,10.12,44.81,21.04,,41.41
2001,9,78.95,115.47,71.9,9.15,22.19,11.33,,,21.52,36.75,50.45,10.97,48.19,32.64,3.72,1.76,66.47,7.45,8.99,9.66,5.23,12.1,43.23,1.66,10.12,45.1,21.05,,39.98
2001,10,78.97,114.69,71.58,8.53,22.05,11.34,,,21.5,36.6,50.28,10.92,48.33,32.48,3.7,1.78,65.12,7.49,8.94,9.63,5.2,12.04,43.02,1.65,10.12,43.66,21.06,,39.87
2001,11,78.96,113.47,70.14,8.13,22,11.55,,,21.54,35.86,49.53,10.69,47.86,31.83,3.63,1.74,64.53,7.13,8.85,9.42,5.1,11.79,42.15,1.65,10.12,43.15,21.06,,40.82
2001,12,78.69,113.24,70.24,6.86,21.86,11.65,,,21.42,35.91,49.75,10.71,47.6,31.88,3.63,1.74,61.93,7.45,8.79,9.42,5.11,11.81,42.22,1.64,10.09,42.82,20.98,,40.5
2002,1,78.6,112.77,69.54,6.76,22.22,11.75,,,21.46,35.57,48.89,10.59,47.17,31.56,3.59,1.72,59.32,7.52,8.77,9.35,5.07,11.68,41.79,1.63,10.08,42.74,20.96,,40.64
2002,2,78.25,111.36,68.08,6.83,22.37,12.16,,,21.3,34.81,48.8,10.38,46.08,30.89,3.51,1.69,58.61,7.42,8.74,9.17,4.92,11.45,40.93,1.61,10.03,42.73,20.87,,40.18
2002,3,78.06,111.06,68.44,6.8,22.72,12.4,,,21.25,34.68,49.09,,46.73,30.78,3.5,1.68,59.52,7.54,8.85,9.21,4.93,11.41,40.68,1.6,10.01,42.68,20.81,,40.93
2002,4,78.27,112.91,69.34,7.06,22.9,12.5,,,21.31,,49.24,,47.1,,,,59.59,7.59,9.04,9.28,,,,1.6,10.04,42.82,20.87,,41.94
2002,5,78.32,114.37,71.82,7.73,22.96,12.51,,,21.32,,50.33,,49.26,,,,61.9,7.76,9.54,9.66,,,,1.6,10.04,43.51,20.88,,43.11
2002,6,78.66,116.6,75.1,7.75,22.86,12.18,,,21.42,,51.33,,50.98,,,,63.7,8.24,10.12,10.1,,,,1.61,10.09,44.12,20.98,,44.76
2002,7,78.8,122.58,78.27,7.8,22.9,11.98,,,21.45,,51.35,,53.51,,,,66.75,8.45,10.58,10.53,,,,1.61,10.13,44.98,21.01,,43.68
2002,8,78.57,120.84,76.85,7.44,22.99,12.8,,,21.39,,50.35,,52.53,,,,66.03,8.31,10.33,10.34,,,,1.62,10.07,44.76,20.95,,42.59
2002,9,78.81,122.55,77.27,7.43,22.94,12.36,,,21.46,,50.38,,52.73,,,,65.27,8.42,10.49,10.41,,,,1.63,10.13,44.64,21.01,,43.11
2002,10,79.32,123.57,77.85,7.68,23.04,12.3,,,21.6,,50.59,,53.15,,,,64.05,8.55,10.6,10.48,,,,1.64,10.17,44.43,21.15,,43.61
2002,11,79.57,125.08,79.68,8.21,23.03,12.39,,,21.67,,51.07,,54.33,,,,65.5,8.78,10.86,10.73,,,,1.65,10.2,45.1,21.22,,44.67
2002,12,79.53,126.08,80.99,8.88,23.21,12.3,,,21.66,,51.51,,54.94,,,,65.19,8.91,11.09,10.85,,,,1.65,10.2,45.36,21.21,,44.83
2003,1,77.72,125.66,82.6,8.94,24.08,12.81,,,21.16,,51.09,,56.48,,,,65.41,9,11.24,11.12,,,,1.62,9.97,44.79,20.72,,45.33
2003,2,76.84,123.84,82.78,9.26,24.54,13.28,,,20.91,,51.4,,56.41,,,,64.33,9.05,10.98,11.14,,,,1.61,9.84,44.02,20.49,,45.68
2003,3,76.58,121.17,82.67,9.5,25.4,13.55,,,20.85,,52.35,,56.24,,,,64.54,8.96,10.54,11.14,,,,1.61,9.82,43.68,20.42,,46.14
2003,4,75.66,119.18,82.18,9.82,26.14,13.74,,,20.6,,52.21,,54.51,,,,63.14,8.97,10.49,11.06,,,,1.6,9.7,42.58,20.17,,46.08
2003,5,71.61,116.19,82.82,9.37,27.94,14.53,,,19.5,,51.99,,54.75,,,,61.17,9.16,10.43,11.12,,,,1.52,9.18,41.3,19.09,,46.38
2003,6,73.72,122.53,86.08,9.35,27.12,14.09,,,20.07,,54.53,,55.91,,,,62.34,9.42,10.53,11.6,,,,1.58,9.45,42.5,19.66,,49
2003,7,74.75,121.47,85.04,9.91,26.7,13.93,,,20.35,,54.24,,54.95,,,,62.99,9.25,10.25,11.44,,,,1.62,9.58,42.58,19.94,,49.49
2003,8,75.96,121.12,84.7,10.25,26.32,13.73,,,20.68,,54.4,,54.98,,,,63.94,9.17,10.24,11.4,,,,1.65,9.74,43.31,20.23,,49.48
2003,9,77.9,125.46,87.48,10.6,25.59,13.44,,,21.21,,57.06,,56.53,,,,67.69,9.64,10.66,11.78,,,,1.7,10.01,44.62,20.77,,51.54
2003,10,77.77,130.41,91.02,11.14,25.6,13.44,,,21.17,,58.74,,58.81,,,,70.97,10.08,11.04,12.25,,,,1.71,10.04,44.85,20.74,,52.36
2003,11,76.74,129.6,89.78,11.33,25.72,13.67,,,20.92,,58.39,,57.54,,,,70.27,9.96,10.93,12.07,,,,1.69,9.88,44.38,20.46,,54.94
2003,12,76.02,132.93,93.28,11.64,25.49,13.91,,,20.7,,57.9,,60,,,,70.5,10.3,11.3,12.54,,,,1.67,9.79,44.41,21.51,,56.1
2004,1,76.3,138.95,96.22,11,25.39,14.18,,,20.77,,58.91,,61.48,,,,71.66,10.52,11.16,12.92,,,,1.68,9.83,44.93,20.34,,58.72
2004,2,76.39,142.6,96.56,11.25,24.41,14.5,,,20.78,,57.49,,61.38,,,,71.72,10.49,10.98,12.96,,,,1.69,9.83,45.29,20.37,,59.41
2004,3,77.26,141.32,94.85,11.63,24.96,14.34,,,21.04,,58.11,,60.54,,,,71.15,10.24,11.09,12.73,,,,1.72,9.92,45.46,20.6,,57.95
2004,4,77.91,140.53,93.41,11.86,24.62,14.26,,,21.21,,58.25,,59.98,,,,72.43,10.15,11.24,12.55,,,,1.78,9.99,46.24,20.78,,57.93
2004,5,79.24,141.47,95.13,11.58,23.4,14.05,,,21.57,,57.39,,61.71,,,,70.6,10.38,11.57,12.79,,,,1.75,10.16,46.34,21.13,,55.92
2004,6,79.27,144.84,96.19,12.27,22.97,14.03,,,21.58,,58.25,,63.31,,,,72.36,10.48,11.59,12.94,,,,1.74,10.17,46.29,21.14,,54.96
2004,7,79.99,147.42,98.19,13.03,21.86,13.75,,,21.78,,60.48,,64.32,,,,73.18,10.64,11.57,13.21,,,,1.74,10.25,46.73,21.33,,57.29
2004,8,80.83,147.16,98.5,12.52,21.39,13.43,,,22.01,,61.52,,64.02,,,,73.24,10.69,11.82,13.24,,,,1.74,10.36,47.14,21.55,,57.4
2004,9,80.72,144.75,98.61,12.32,21.33,13.27,,,21.98,,62.57,,63.93,,,,73.36,10.82,11.79,13.25,,,,1.75,10.35,47.6,21.52,,56.62
2004,10,81.2,146.77,101.43,12.68,21.37,13.07,,,22.11,,65.04,,65.76,,,,74.55,11.17,12.31,13.64,,,,1.77,10.43,48.41,21.65,,59.51
2004,11,81.2,150.85,105.36,13.39,21.32,13.02,,,22.11,,67.82,,69.25,,,,77.46,11.67,12.92,14.18,,,,1.8,10.44,49.17,21.65,,62.45
2004,12,79.77,153.94,106.88,13.88,21.79,13.17,,,21.72,,65.6,,69.66,,,,76.9,11.88,12.99,14.38,,,,1.81,10.26,48.61,21.27,,61.35
2005,1,77.93,146.51,102.33,13.05,22.21,13.94,,,21.22,,63.72,,66.18,,,,75.48,11.28,12.45,13.75,,,,1.78,9.99,47.57,20.78,,59.65
2005,2,76.94,145.14,100.14,12.76,22.27,14.42,,,20.95,,62.11,,64.58,,,,73.33,10.99,12.02,13.46,,,,1.76,9.86,46.94,20.52,,60.08
2005,3,74.8,142.71,98.8,12.47,22.86,14.8,,,20.37,,61.39,,63.88,,,,71.3,10.84,12.06,13.27,,,,1.72,9.59,45.89,19.95,,58.78
2005,4,76.15,144.3,98.55,12.35,23.35,14.5,,,20.73,,61.59,,63.76,,,,71.12,10.72,12.03,13.23,,,,1.74,9.76,46.08,20.3,,58.85
2005,5,76.4,141.71,96.97,12.04,23.24,14.59,,,20.8,,60.82,,62.76,,,,71.61,10.52,11.99,13.03,,,,1.76,9.81,46.25,20.37,,58.47
2005,6,76.68,139.52,93.25,11.34,22.66,14.68,,,20.88,,61.74,,60.61,,,,70.58,10.05,11.81,12.52,,,,1.76,9.86,45.85,20.45,,58.81
2005,7,76.23,133.6,91.84,11.34,23,14.89,,,20.76,,62.27,,58.94,,,,68.09,9.74,11.57,12.31,,,,1.75,9.8,45.28,20.33,,57.35
2005,8,75.81,135.87,93.17,11.69,23.94,14.91,,,20.64,,62.83,,59.98,,,,68.46,9.96,11.76,12.49,,,,1.74,9.76,45.61,20.21,,57.71
2005,9,74.1,134.1,90.86,11.62,24.93,15.32,,,20.18,,62.83,,58.65,,,,66.72,9.73,11.63,12.18,,,,1.69,9.55,44.09,19.76,,56.72
2005,10,73.71,129.85,88.56,11.2,25.15,15.47,,,20.07,,62.61,,57.19,,,,64.22,9.41,11.29,11.87,,,,1.64,9.5,43.59,19.65,,55.61
2005,11,74.74,129.76,88.15,11.2,24.52,15.64,,,20.35,,63.22,,57.05,,,,63.19,9.22,11.27,11.82,,,,1.64,9.64,44.02,19.93,,54.98
2005,12,73.11,127.62,86.69,11.45,24.81,16,,,19.9,,62.94,,56,,,,61.63,9.18,10.87,11.63,,,,1.61,9.43,43.66,19.51,,54.24
2006,1,72.21,127.51,87.53,11.78,25.17,16.29,,,19.66,,62.34,,56.5,,,,62.55,9.39,10.87,11.73,,,,1.63,9.31,44.24,19.26,,54.15
2006,2,71.8,125.61,85.84,11.69,25.27,16.57,,,19.55,,62.48,,55.08,,,,60.94,9.2,10.64,11.5,,,,1.62,9.25,44.08,19.15,,53.26
2006,3,72.28,125.96,86.9,11.54,25.19,16.75,,,19.68,,62.25,,55.38,,,,61.63,9.25,10.88,11.65,,,,1.63,9.32,44.56,19.27,,52.59
2006,4,71.3,125.84,87.45,11.65,25.61,17.16,,,19.41,,62.18,,55.5,,,,60.94,9.36,11.12,11.72,,,,1.59,9.19,44.53,19.01,,52.45
2006,5,71.76,134.13,91.64,11.34,25.57,17.31,,,19.54,,64.64,,58.89,,,,64.24,9.81,11.75,12.29,,,,1.58,9.26,45.51,19.14,,54.79
2006,6,73.41,135.37,92.96,10.55,25.32,17.07,,,19.99,,65.58,,59.6,,,,64.03,10.06,11.83,12.47,,,,1.59,9.46,46.15,19.57,,54.34
2006,7,73.66,135.72,93.5,10.38,25.2,17.21,,,20.05,,64.34,,59.62,,,,63.71,10.15,11.76,12.53,,,,1.59,9.48,46.52,19.63,,55.36
2006,8,72.87,137.85,93.34,10.49,25.37,17.82,,,19.84,,64.09,,59.16,,,,62.89,10.14,11.67,12.51,,,,1.57,9.37,46.25,19.43,,55.6
2006,9,72.87,137.59,92.86,9.85,25.45,17.99,,,19.84,,65.14,,58.67,,,,62.26,10.02,11,12.45,,,,1.58,9.36,46.15,19.43,,55.13
2006,10,72.29,135.58,91.26,9.46,25.52,17.58,,,19.68,,64.08,,57.49,,,,60.96,9.86,10.88,12.24,,,,1.59,9.28,45.79,19.28,,54.47
2006,11,71.13,135.89,91.58,9.8,25.52,18.23,,,19.37,,62.64,,57.61,,,,60.65,10.06,11.1,12.28,,,,1.59,9.14,45.64,18.97,,55.1
2006,12,69.63,136.79,92.03,9.9,26.07,18.62,,,18.96,,60.46,,57.73,,,,59.47,10.19,11.28,12.34,,,,1.56,8.95,44.68,18.57,,53.94
2007,1,69.89,136.91,90.87,9.74,25.97,18.55,,,19.03,,59.46,,56.42,,,,58.09,10,10.98,12.19,,,,1.58,8.98,44.84,18.64,8.88,54.14
2007,2,69.62,136.4,91.04,9.71,25.44,18.49,,,18.96,,59.42,,56.31,,,,57.76,9.92,11.26,12.22,,,,1.58,8.92,45.2,18.56,8.94,54.45
2007,3,69.29,134.91,91.77,9.43,25.26,18.13,,,18.87,,59.26,,57.02,,,,59.08,9.85,11.28,12.32,,,,1.57,8.87,45.45,18.48,8.95,54.88
2007,4,68.58,136.4,92.68,9.64,25.21,18.41,,,18.67,,60.29,,56.71,,,,57.73,9.99,11.42,12.42,,,,1.63,8.78,45.27,18.29,8.88,56.65
2007,5,67.19,133.31,90.82,9.58,25.33,18.9,,,18.29,,61.32,,55.24,,,,55.65,9.84,11.16,12.19,,,,1.65,8.59,44.16,17.92,8.74,55.46
2007,6,66.58,132.25,89.33,9.29,24.97,18.97,,,18.13,,62.51,,53.98,,,,54.27,9.55,11.09,11.95,,,,1.63,8.52,43.25,17.75,8.72,55.88
2007,7,67.07,136.41,91.99,9.62,24.24,18.82,,,18.26,,63.81,,55.51,,,,55.17,9.96,11.59,12.3,,,,1.66,8.58,44.11,17.88,8.84,57.82
2007,8,66.95,134.57,91.15,9.26,25.8,19.09,,,18.23,,63.11,,55.63,,,,57.38,9.72,11.43,12.2,,,,1.64,8.57,43.9,17.85,8.82,55.13
2007,9,67.02,135.19,93.06,9.42,26.24,18.79,,,18.25,,65.18,,56.48,,,,58.25,9.94,11.88,12.4,,,,1.66,8.6,44.23,17.89,8.88,55.87
2007,10,66.85,136.52,95.09,9.87,26.13,17.6,,,18.2,,68.35,,56.93,,,,57.76,10.28,12.35,12.78,,,,1.69,8.62,45.6,17.87,8.91,60.08
2007,11,65.49,135.79,96.13,9.79,26.11,17.53,,,17.84,,68.03,,58.28,,,,58.93,10.24,12.13,12.9,,,,1.66,8.42,45.27,17.56,8.83,58.89
2007,12,63.3,119.89,86.09,8.66,27.11,18.36,,,16.09,,58.66,,51.91,,,,56.52,9.73,11.49,11.54,,,,1.5,8.12,43.67,16.91,8.57,55.24
2008,1,68.08,134.01,100.16,9.77,25.16,17.1,,,19.2,,67.37,,61.82,,,,63.16,10.51,12.63,13.45,,,,1.73,8.72,47.58,18.15,9.4,59.99
2008,2,70.62,138.46,103.96,9.24,24.24,16.46,,,19.2,,70.49,,64.63,,,,65.8,10.87,13.08,13.95,,,,1.78,9.04,49.94,18.8,9.84,64.31
2008,3,64.92,130.08,100.79,8.14,25.87,18.19,,,17.71,,65.27,,64.17,,,,64.04,10.65,12.81,13.42,,,,1.61,8.34,46.8,17.32,9.16,60.04
2008,4,62.26,123.37,98.08,7.99,27.06,19.57,,,16.95,,61.49,,61.57,,,,60.83,10.45,12.32,13.1,,,,1.56,7.99,45.55,16.6,8.88,57.78
2008,5,61.9,121.62,96.32,8.14,26.65,19.49,,,16.85,,61.88,,59.29,,,,59.38,10.34,12.24,12.91,,,,1.47,7.94,45.32,16.5,8.88,58.8
2008,6,63.78,125.27,99.21,8.02,25.14,25.14,,,17.35,,62.66,,61.47,,,,59.6,10.88,12.41,13.32,,,,1.49,8.17,46.67,17.01,9.24,60.93
2008,7,66.7,132.62,105.41,8.75,24.36,18.64,,,18.14,,65.87,,64.97,,,,62.43,11.12,13.07,14.12,,,,1.56,8.55,49.04,17.79,9.75,64.49
2008,8,67.68,127.97,101.24,8.83,24,17.65,,,18.43,,64.34,,62.55,,,,61.93,10.79,12.71,13.63,,,,1.58,8.67,48.33,18.05,9.88,60.32
2008,9,71.41,128.58,102.96,8.88,23.07,16.27,,,19.42,,67.4,,64.47,,,,67,10.74,12.61,13.82,,,,1.57,9.17,50.1,19.03,10.45,59.02
2008,10,76.66,129.38,101.67,7.83,23.89,16.12,,,20.77,,64.94,,67.01,,,,76.77,10.38,11.87,13.63,,,,1.57,9.88,51.86,20.41,11.21,52.46
2008,11,78.18,119.59,99.33,7.65,24.49,16.05,,,21.29,,64.02,,65.58,,,,80.71,9.83,11.28,13.35,,,,1.59,12.28,50.21,20.34,11.45,51.22
2008,12,78.04,116.53,105.56,7.84,25.07,16.64,,,21.26,,63.27,,68.29,,,,85.42,9.75,11.15,14.11,,,,1.6,10.07,52.7,20.8,11.38,52.13
2009,1,78.95,114.28,104.85,8.01,25.05,16.99,,,21.5,,64.52,,70.27,,,,87.45,9.75,11.35,14.1,,,,1.62,10.19,53.02,21.06,11.56,53.56
2009,2,79.53,114.54,101.73,7.95,24.73,16.61,,,21.65,,63.96,,68.27,,,,86.18,9.32,11.57,13.66,,,,1.62,10.26,52.38,21.2,11.64,51.55
2009,3,80.26,113.98,104.98,8.07,25.46,24.73,,,16.3,,63.49,,69.51,,,,82.22,9.39,11.65,14.06,,,,1.57,10.35,52.45,21.4,11.74,53.34
2009,4,79.63,116.98,105.08,8.81,27.29,16.75,,,21.68,,64.82,,69.38,,,,80.76,9.67,11.94,14.11,,,,1.59,10.27,52.95,21.23,11.66,56.74
2009,5,77.86,120.03,106.23,9.28,28.84,17.07,,,21.2,,67.55,,70.27,,,,80.63,10.05,12.07,14.26,,,,1.6,10.05,53.26,20.76,11.41,59.49
2009,6,77.85,127.22,109.03,9.63,27.47,16.86,,,21.2,,69.08,,71.98,,,,80.61,10.03,12.19,14.65,,,,1.63,10.04,53.59,20.76,11.39,62.38
2009,7,76.75,125.58,108.02,9.66,27.52,17.25,,,20.9,,68.14,,71.09,,,,81.29,9.97,12.06,14.51,,,,1.58,9.9,52.93,20.47,9.9,61.69
2009,8,76.37,126.34,108.84,9.6,27.14,17.28,,,20.79,,70.15,,71.41,,,,80.5,10.64,12.55,14.63,,,,1.58,9.85,52.95,20.37,11.18,63.73
2009,9,75.61,123.57,110.01,10.03,26.08,17.32,,,20.59,,69.88,,72.63,,,,82.7,10.81,12.79,14.73,,,,1.56,9.76,52.97,20.16,11.07,64.77
2009,10,75.24,121.65,111.25,10.06,25.27,17.5,,,20.49,,71.38,,73.9,,,,83.38,10.82,13.68,14.97,,,,1.61,9.71,53.81,20.06,11.02,68.18
2009,11,74.74,124.14,111.68,9.93,25.16,17.75,,,20.35,,70.55,,73.8,,,,83.79,10.8,13.26,15,,,,1.61,9.64,53.74,19.93,10.95,69
2009,12,75.43,122.54,110.27,10.07,25.2,17.65,,,20.54,,71.48,,73.38,,,,84.12,10.59,13.08,14.81,,,,1.62,9.73,53.99,20.11,11.05,68.2
2010,1,75.79,122.53,108.27,10.16,25.53,17.71,,,20.63,,72.74,,73.37,,,,83.12,10.62,13.23,14.55,,,,1.65,9.76,54.28,20.21,11.1,69.26
2010,2,76.73,120.1,105.09,10.01,26,17.58,,,20.89,,72.51,,71.56,,,,85.08,10.51,12.94,14.11,,,,1.65,9.88,54.34,20.46,11.24,68.01
2010,3,76.95,115.78,104.46,10.32,27.1,17.63,,,20.95,,75.01,,72.1,,,,85.04,10.75,12.99,14.04,,,,1.69,9.91,54.96,20.52,11.27,70.16
2010,4,77.25,118.51,103.71,10.5,26.96,17.75,,,21.03,,76.93,,72.34,,,,82.76,10.73,13.07,13.93,,,,1.74,9.95,55.95,20.6,11.32,71.59
2010,5,78.54,115.2,98.79,10.29,27.66,18.21,,,21.38,,75.51,,69.6,,,,85.25,10.21,12.51,13.28,,,,1.72,10.09,56.34,20.94,11.5,68.45
2010,6,81.02,119.63,98.99,10.59,27.91,17.99,,,22.06,,78.07,,71.92,,,,89.18,10.35,12.51,13.3,,,,1.74,10.4,57.94,21.6,11.88,69.15
2010,7,81.43,124.34,103.9,10.78,27.74,18.4,,,22.17,,78.01,,77.21,,,,92.9,10.94,12.94,13.94,,,,1.74,10.47,59.09,21.71,12.02,71.23
2010,8,80.44,125.94,103.79,11.02,27.71,18.89,,,21.9,,77.46,,77.24,,,,94.08,11.01,13.1,13.93,,,,1.73,10.35,59.31,21.45,11.85,72.41
2010,9,80.91,125.94,105.61,11.33,27.83,18.76,,,22.03,,78.18,,80.75,,,,95.88,11.44,13.35,14.18,,,,1.76,10.42,60.58,21.58,12,75.75
2010,10,80.71,127.98,112.2,11.68,28.05,18.52,,,21.98,,79.33,,83.36,,,,98.6,12.11,13.84,15.05,,,,1.82,10.4,61.9,21.52,12.1,79.2
2010,11,80.46,128.52,110.07,11.54,28.45,18.56,,,21.91,,79.54,,81.79,,,,97.65,11.81,13.51,14.76,,,,1.79,10.38,61.97,21.46,12.09,79.62
2010,12,80.57,125.65,106.54,11.79,28.59,18.17,,,21.94,,79.92,,83.17,,,,96.78,11.76,13.47,14.3,,,,1.78,10.36,61.66,21.48,12.12,80.02
2011,1,81.03,127.7,108.16,11.75,28.81,18.4,7.4,15.15,22.06,,81.58,,84.75,,,,98.14,12.14,13.83,14.52,,,,1.79,10.41,62.93,21.61,12.28,80.69
2011,2,81.47,131.45,111.29,11.33,28.79,18.51,7.28,14.93,22.18,,82.46,,85.83,,,,98.65,12.64,14.2,14.93,,,,1.79,10.46,63.82,21.72,12.39,82.19
2011,3,84.21,136.1,117.88,12.16,28.43,17.93,7.12,14.66,22.93,,86.19,,91.61,,,,102.97,13.26,15.02,15.81,,,,1.87,10.8,66.38,22.45,12.82,85.07
2011,4,83.89,137.14,121.14,12.47,28.21,17.99,7.15,14.66,22.84,,87.51,,93.25,,,,100.59,13.5,15.5,16.25,,,,1.89,10.79,67.22,22.37,12.85,88.6
2011,5,85.43,139.54,122.42,12.45,27.96,17.86,7.02,14.38,23.26,,88.35,,97.74,,,,105.28,13.67,15.6,16.42,,,,1.9,10.99,69.01,22.78,13.15,91.26
2011,6,89.05,144.4,128.11,13.1,27.61,17.79,6.74,13.84,24.25,,91.08,,105.67,,,,110.62,14.05,16.34,17.18,,,,1.99,11.44,72.11,23.75,13.75,94.38
2011,7,89.9,145,128.48,13.23,28.87,17.59,6.68,13.69,24.48,,94.06,,109.07,,,,113.21,14.07,16.51,17.24,,,,2.02,11.54,73.88,23.97,13.92,96.76
2011,8,92.79,151.9,133.04,13.12,29.69,17.4,6.46,13.29,25.26,,94.72,,119.11,,,,120.32,14.51,17.07,17.86,,,,2.05,11.9,76.74,24.74,14.48,97.37
2011,9,96.36,152.12,132.68,12.78,29.22,17.03,6.23,12.81,26.23,,96.33,,110.89,,,,125.55,14.5,17.17,17.82,,,,2.02,12.36,77.05,25.69,15.08,98.58
2011,10,101.27,159.41,138.74,12.73,27.69,16.9,5.93,12.17,27.57,,99.21,,112.83,,,,131.97,15.22,17.9,18.64,,,,2.06,13.02,79.29,27,15.9,102.43
2011,11,93.68,148.17,127.13,11.51,27.62,18.58,6.43,13.29,25.5,,91.51,,103.34,,,,120.85,13.93,16.37,17.08,,,,1.85,12.04,72.67,24.98,14.74,94.66
2011,12,86.66,135.1,114.15,10.56,28.25,18.65,6.96,15.11,23.6,,84.67,,92.96,,,,111.33,12.66,14.74,15.36,,,,1.65,11.14,66.88,23.11,13.65,87.68
2012,1,86.34,133.94,111.42,10.77,27.9,18.45,6.98,15.18,23.51,,85.31,,92.03,,,,112.23,12.61,14.53,14.99,,,,1.69,11.12,67.5,23.02,13.67,89.83
2012,2,83.18,131.42,110.06,10.85,27.97,19.17,7.25,15.75,22.65,,83.57,,91.25,,,,106.1,12.49,14.54,14.8,,,,1.69,10.73,66.33,22.18,13.2,89.24
2012,3,82.9,131.18,109.55,10.9,29.96,19.23,7.3,15.64,22.57,,83.58,,90.87,,,,100.6,12.33,14.56,14.74,,,,1.65,10.68,65.87,22.1,13.13,87.42
2012,4,83.19,133.19,109.57,10.62,30.12,19.08,7.26,15.93,22.65,,83.82,,91.15,,,,102.26,12.4,14.48,14.73,,,,1.61,10.72,66.5,22.18,13.19,86.08
2012,5,84.38,134.34,107.99,10.35,29.39,18.78,7.16,16.45,22.97,,83.58,,89.91,,,,105.83,12.03,14.29,14.53,,,,1.55,10.87,66.85,22.5,13.34,84.16
2012,6,84.79,131.95,106.51,10.12,29.3,18.68,7.12,16.49,23.09,,82.6,,88.69,,,,106.91,12.01,14.11,14.33,,,,1.52,10.93,66.36,22.61,13.32,84.77
2012,7,84.14,131.27,103.6,10.22,29.42,18.83,7.2,16.81,22.91,,83.03,,86.26,,,,106.5,12.11,13.89,13.93,,,,1.52,10.85,66.73,22.44,13.21,86.68
2012,8,84.08,132.05,104.2,10.17,29.63,18.74,7.23,17.03,22.89,,84.63,,86.77,,,,106.93,12.57,14.22,13.99,,,,1.51,10.84,67.35,22.42,13.22,88.06
2012,9,84.61,136.26,108.8,10.23,29.73,18.61,7.19,17.11,23.04,,86.5,,90.02,,,,108.25,12.81,14.72,14.6,,,,1.55,10.91,68.7,22.56,13.38,87.95
2012,10,85.11,136.81,110.35,9.85,30.3,18.55,7.27,17.3,23.17,,86.34,,91.21,,,,107.84,12.81,14.91,14.79,,,,1.61,10.98,69.51,22.7,13.59,87.6
2012,11,85.63,136.77,109.91,9.73,30.61,18.65,7.22,17.32,23.31,,85.94,,91.19,,,,105.81,12.78,14.98,14.74,,,,1.56,11.05,70,22.83,13.74,89.13
2012,12,85.99,138.78,112.77,9.95,31.09,18.55,7.19,17.57,23.41,,86.91,,93.33,,,,102.79,13,15.31,15.12,,,,1.57,11.1,70.44,22.93,13.8,89.99
2013,1,86.9,138.8,115.47,9.89,30.89,18.43,7.12,17.39,23.66,,87.63,,93.96,,,,97.67,13.38,15.64,15.47,,,,1.6,11.21,70.77,23.17,13.97,91.26
2013,2,87.45,135.54,116.86,9.84,30.4,18.54,7.11,17.81,23.81,,86.78,,95.03,,,,93.96,13.69,15.75,15.66,,,,1.63,11.28,70.61,23.32,14.03,90.25
2013,3,85.82,129.42,111.31,9.34,30.74,18.9,7.39,18.15,23.36,,83.76,,90.73,,,,90.5,13.32,14.88,14.93,,,,1.58,11.06,68.84,22.88,13.81,88.78
2013,4,84.19,128.81,109.65,9.24,30.64,19.28,7.53,18.7,22.92,,82.64,,89.89,,,,86.12,12.98,14.53,14.71,,,,1.55,10.85,68.03,22.45,13.61,87.4
2013,5,84.15,128.73,109.18,9.01,30.74,19.36,7.67,18.69,22.91,,82.44,,87.99,,,,83.37,12.74,14.45,14.65,,,,1.53,10.84,67.36,22.44,13.7,83.27
2013,6,85.49,132.42,112.81,8.51,30.34,19.13,7.56,18.23,23.28,,82.92,,91.57,,,,87.77,13.02,14.6,15.13,,,,1.47,11.02,67.83,22.8,13.93,80.66
2013,7,86.86,131.95,113.66,8.76,29.81,18.7,7.47,17.84,23.65,,83.28,,91.94,,,,87.23,13.12,14.41,15.24,,,,1.45,11.2,68.48,23.16,14.16,79.61
2013,8,87.49,135.47,116.51,8.69,29.48,18.5,7.4,17.58,23.82,,83.91,,94.47,,,,89.39,13.4,14.68,15.62,,,,1.39,11.28,68.71,23.33,14.29,79
2013,9,87.41,138.54,116.67,8.77,29.41,18.48,7.5,17.59,23.8,,84.39,,94.56,,,,88.14,13.46,14.65,15.64,,,,1.37,11.27,69.2,23.31,14.28,81.13
2013,10,85.31,137.31,116.33,8.6,29.74,18.87,7.85,18.13,23.23,,82.32,,94.5,,,,87.24,13.31,14.32,15.6,,,,1.38,11,68.57,22.75,13.98,81.09
2013,11,86.1,138.64,116.22,8.43,29.31,18.68,7.8,18.01,23.44,,82.12,,94.33,,,,86.22,13.07,14.12,15.58,,,,1.38,11.11,69.01,22.96,14.13,80.33
2013,12,86.31,141.37,118.18,8.34,29.2,18.63,7.76,17.91,23.5,,81.18,,96.5,,,,83.51,13.16,14.06,15.84,,,,1.39,11.13,68.58,23.01,14.21,77.6
2014,1,86.21,141.99,117.5,7.96,29,18.68,7.85,17.99,23.47,,78.94,,95.45,,,,82.92,13.27,14.02,15.76,,,,1.39,11.11,67.77,22.99,14.25,76.45
2014,2,86.28,142.81,117.81,7.86,28.61,18.82,7.87,18,23.49,,78.04,,96.45,,,,84.52,13.27,14.08,15.79,,,,1.39,11.12,68.11,23.01,14.19,77.33
2014,3,86.49,143.76,119.58,7.96,29.28,18.88,7.85,17.98,23.55,,77.8,,98.23,,,,84.58,13.51,14.4,16.03,,,,1.42,11.14,68.25,23.06,14.01,78.39
2014,4,86.72,145.08,119.78,8.2,29.19,18.86,7.82,17.88,23.61,,78.81,,98.23,,,,84.59,13.38,14.47,16.03,,,,1.43,11.18,69.06,23.12,13.93,80.78
2014,5,87.41,147.29,120.09,8.39,28.97,18.92,7.76,17.72,23.8,,80.26,,98.44,,,,85.84,13.39,14.69,16.09,,,,1.47,11.28,69.85,23.31,14.01,81.46
2014,6,87.61,148.15,119.16,8.2,29.45,19.18,7.74,17.69,23.85,,80.85,,97.81,,,,85.88,13.22,14.5,15.97,,,,1.47,11.3,70.01,23.36,14.06,82.08
2014,7,87.77,150.01,118.93,8.22,30,18.97,7.76,17.65,23.9,,81.93,,97.87,,,,86.31,12.96,14.18,15.94,,,,1.46,11.33,70.55,23.4,14.16,82.38
2014,8,88.11,147.24,117.4,8.26,29.66,18.89,7.83,17.57,23.99,,80.64,,96.85,,,,85.63,12.78,14.2,15.75,,,,1.45,11.37,70.59,23.49,14.31,81.98
2014,9,88.84,144.99,114.74,8.11,29.47,18.78,7.75,17.43,24.19,,80.77,,95.01,,,,82.9,12.48,14.02,15.45,,,,1.46,11.46,70.38,23.69,14.47,80.57
2014,10,89.23,143.66,113.21,8.05,30.03,18.96,7.72,17.47,24.33,,79.64,,93.69,,,,82.62,12.35,13.67,15.2,,,,1.45,11.5,70.03,23.79,14.57,78.33
2014,11,89.96,142.05,112.28,8.1,30.38,19.16,7.66,17.39,24.49,,79.52,,93.31,,,,77.53,12.14,13.22,15.09,,,,1.46,11.6,69.42,23.98,14.69,77.83
2014,12,90.44,141.45,111.52,7.89,30.62,19.11,7.62,17.28,24.62,,78.51,,92.7,,,,75.79,11.86,12.45,14.99,,,,1.44,11.66,68.77,24.1,14.61,74.65
2015,1,91.36,138.49,106.32,7.89,31.29,19.4,7.53,17.14,24.87,,75.66,,97.05,,,,77.19,11.27,11.89,14.29,,,,1.47,11.78,68.3,24.33,14.69,73.83
2015,2,91.49,140.21,103.95,7.9,31.36,19.92,7.52,17.12,24.91,,73.14,,97.92,,,,77.17,10.96,12.05,13.96,,,,1.48,11.8,67.52,24.38,14.63,71.29
2015,3,91.73,137.51,99.41,7.61,32.19,20.09,7.56,17.05,24.97,,72.76,,93.61,,,,76.23,10.75,11.5,13.33,,,,1.47,11.82,66.62,24.46,14.7,70.93
2015,4,93.44,139.62,100.71,7.78,32.04,20.28,7.37,16.73,25.44,,75.7,,97.08,,,,78.18,10.79,11.84,13.49,,,,1.49,12.06,69.26,24.91,15.07,72.31
2015,5,96.39,149.1,107.54,8.06,31.17,20.98,7.16,16.23,26.24,,79.34,,103.6,,,,79.89,11.58,12.8,14.42,,,,1.51,12.43,72.22,25.7,15.54,76.18
2015,6,97.71,152.16,109.72,7.95,32.67,22.49,7.37,16.06,26.6,,79.07,,104.96,,,,79,11.84,12.53,14.71,,,,1.53,12.6,72.62,26.05,15.74,75.44
2015,7,101.2,157.53,111.36,8.13,33.23,20.9,7.23,15.92,27.55,,78.92,,106.21,,,,82.1,11.89,12.47,14.92,,,,1.59,13.06,74.35,26.98,16.3,75.13
2015,8,102.43,159.77,114.09,7.94,34.66,20.73,6.99,15.11,27.89,,77.93,,105.75,,,,83.12,11.97,12.42,15.29,,,,1.57,13.21,73.24,27.31,16.15,74.69
2015,9,105.28,161.54,118.23,7.72,34.82,20.56,6.97,14.68,28.66,,79.42,,108.33,,,,87.64,12.57,12.72,15.85,,,,1.59,13.58,74.37,28.07,16.53,74.28
2015,10,102.78,157.44,115.3,7.61,35.39,21.19,7.14,15.07,27.98,,78.56,,106,,,,85.6,12.33,12.41,15.46,,,,1.58,13.26,73.3,27.41,16.18,73.94
2015,11,102.17,155.43,109.77,7.24,33.56,21.13,7.29,15.2,27.82,,77,,101.39,,,,83.44,11.78,11.84,14.72,,,,1.55,13.18,72.21,27.24,16.04,72.93
2015,12,102.2,153.29,111.11,6.82,32.9,21.08,7.31,15.2,27.82,,74.65,,102.53,,,,83.89,12.01,11.76,14.89,,,,1.54,13.19,72.53,27.24,15.84,74.03
2016,1,102.31,147.53,111.11,6.27,33.71,21.32,7.35,15.19,27.86,,72.07,,101.68,,,,86.57,11.98,11.59,14.9,,,,1.52,13.15,71.48,27.27,15.58,71.88
2016,2,101.93,145.86,113.02,6.46,33.68,21.45,7.36,15.28,27.75,,73.73,,102.49,,,,88.54,12.01,11.83,15.14,,,,1.49,13.1,72.44,27.18,15.56,72.62
2016,3,101.49,144.24,112.6,6.57,33.15,21.55,7.44,15.33,27.63,,76.63,,103.13,,,,89.86,12.12,11.94,15.1,,,,1.51,13.08,73.75,27.06,15.59,75.88
2016,4,101.23,144.79,114.84,6.92,33.04,21.65,7.49,15.36,27.56,,78.74,,105.03,,,,92.4,12.46,12.3,15.42,,,,1.52,13.05,74.97,26.99,15.63,77.61
2016,5,100.73,146.27,113.96,6.58,33.21,21.74,7.56,15.46,27.43,,77.91,,103.06,,,,92.48,12.27,12.25,15.32,,,,1.51,12.98,73.54,26.86,15.43,73.69
2016,6,101.15,144.32,113.69,6.73,33.27,21.67,7.59,16.02,27.54,,78.47,,104.38,,,,95.85,12.19,12.18,15.28,,,,1.5,13.03,74.73,26.97,15.35,74.92
2016,7,101.33,133.42,112.1,7.02,33.34,21.61,7.46,16.45,27.59,,77.69,,103.12,,,,97.24,11.84,11.98,15.07,,,,1.51,13.06,74.99,27.02,15.17,76.23
2016,8,101.41,132.89,113.66,7.4,33.25,21.57,7.58,16.47,27.61,,78.05,,104.52,,,,100.24,11.98,12.21,15.28,,,,1.52,13.08,75.29,27.04,15.26,77.4
2016,9,101.27,133.15,113.48,7.21,33.39,21.56,7.64,16.49,27.57,,77.3,,103.9,,,,99.33,11.86,12.32,15.24,,,,1.52,13.06,74.52,27,15.18,76.86
2016,10,101.32,125.47,111.89,7.27,33.88,21.55,7.6,16.51,27.59,,76.58,,102.76,,,,97.78,11.54,12.43,15.04,,,,1.52,13.06,73.29,27.01,15.07,77.2
2016,11,101.75,126.29,109.98,7.32,34.93,21.44,7.9,16.5,27.7,,75.68,,102.27,,,,94.27,11.16,12.11,14.78,,,,1.51,13.12,72.19,27.13,14.88,76.73
2016,12,102.13,127.68,107.67,7.36,35.25,21.34,7.99,16.44,27.81,,76.55,,100.17,,,,88.1,11.07,11.94,14.48,,,,1.5,13.16,71.16,27.23,14.76,75.1
2017,1,103.75,128.01,110.17,7.65,34.79,21.4,7.62,16.08,27.69,,76.92,,102.76,,,,93.12,11.81,12.11,15.03,,,,1.51,13.11,73.4,27.66,15.04,77.22
2017,2,103.64,129.46,110.36,7.85,34.58,21.56,7.99,16.31,28.22,,79.15,,103.52,,,,91.69,11.65,12.45,14.84,,,,1.55,13.36,73.24,27.64,15.08,79.46
2017,3,102.85,126.87,109.87,7.96,34.98,21.73,8.06,16.51,28,,76.85,,102.59,,,,91.08,11.53,12.1,14.78,,,,1.56,13.24,73.18,27.43,14.91,78.4
2017,4,103.33,130.43,110.68,7.67,35.03,21.62,8.06,16.46,28.13,,76.97,,103.26,,,,93.72,11.54,12.04,14.89,,,,1.6,13.29,73.89,27.55,17,77.84
2017,5,103.26,133.46,114.05,7.79,35.1,21.65,8.04,16.54,28.11,,75.9,,104.6,,,,91.99,11.76,12.15,15.34,,,,1.6,13.26,74.02,27.53,14.99,76.81
2017,6,103.49,132.47,116.18,8.03,34.69,21.62,8.03,16.66,28.18,,77.77,,106.91,,,,93.4,11.92,12.23,15.62,,,,1.61,13.27,74.78,27.6,15.2,78.2
2017,7,103.88,134.86,119.4,7.9,34.68,21.55,7.97,16.66,28.28,,81.61,,108.09,,,,92.3,12.45,12.69,16.07,,,,1.61,13.3,75.71,27.7,15.34,80.81
2017,8,103.56,134.24,122.24,7.82,34.82,21.63,8.01,16.79,28.19,,82.14,,107.28,,,,94.3,12.8,13.11,16.44,,,,1.62,13.24,76.1,27.61,15.52,81.98
2017,9,103.12,137.09,122.85,7.85,34.9,21.74,8.07,16.92,28.07,,83.84,,107.12,,,,93.22,12.89,13.17,16.51,,,,1.6,13.19,76.39,27.49,15.7,82.23
2017,10,103.39,136.44,121.59,7.59,34.16,21.71,8.09,16.94,28.15,,82.32,,105.54,,,,91.7,12.67,12.96,16.34,,,,1.59,13.24,76.05,27.57,15.61,80.67
2017,11,103.57,136.78,121.42,7.34,35.15,21.66,8.16,16.95,28.2,,81.15,,104.43,,,,91.77,12.35,12.67,16.32,,,,1.6,13.27,76.36,27.62,15.64,79.03
2017,12,103.1,138.24,121.97,7.81,35.14,21.73,8.22,17.08,28.07,,80.67,,104.33,,,,91.31,12.26,12.39,16.38,,,,1.6,13.2,76.54,27.49,15.62,78.7
2018,1,102.92,141.95,125.37,8.42,35.37,21.81,8.23,17.13,28.02,,82.74,,106.96,,,,92.73,12.77,12.99,16.85,,,,1.62,13.16,77.82,27.44,15.99,81.74
2018,2,101.4,141.72,125.29,8.57,35.87,22.2,8.44,17.4,27.61,,80.76,,108.49,,,,93.86,12.62,12.95,16.83,,,,1.58,12.96,76.86,27.04,16.05,79.92
2018,3,101.18,141.24,124.68,8.54,36.16,22.31,8.5,17.45,27.55,,78.39,,106.9,,,,95.33,12.28,13.02,16.74,,,,1.56,12.91,76.88,26.98,15.99,78.62
2018,4,100.61,141.86,123.65,8.33,36.73,22.58,8.61,17.52,27.39,,79.04,,104.09,,,,93.57,11.93,12.85,16.6,,,,1.53,12.82,76.5,26.83,15.98,77.4
2018,5,100.66,135.68,118.96,8.02,37.01,22.67,8.62,17.52,27.41,,78.22,,100.9,,,,91.72,11.49,12.43,15.97,,,,1.49,12.83,75.13,26.84,15.79,75.69
2018,6,101,134.24,117.98,7.62,38.05,22.54,8.63,17.45,27.5,,77,,102.12,,,,91.91,11.49,12.46,15.84,,,,1.49,12.87,74.98,26.93,15.63,75.81
2018,7,100.67,132.58,117.6,7.5,37.41,22.61,8.69,17.52,27.41,,76.63,,101.16,,,,90.36,11.39,12.38,15.78,,,,1.47,12.83,73.83,26.84,15.01,74.5
2018,8,100.61,129.68,116.25,7.18,37.06,22.71,8.73,17.58,27.39,,77.17,,101.73,,,,90.67,11.12,12.1,15.58,,,,1.45,12.82,73.52,26.83,14.69,73.77
2018,9,100.83,131.65,117.66,6.81,37.7,22.67,8.72,17.6,27.45,,77.33,,104.25,,,,90.18,11.26,12.21,15.77,,,,1.4,12.86,73.53,26.89,14.71,72.6
2018,10,101.08,131.6,116.2,7,37.4,22.66,8.74,17.6,27.52,,77.74,,101.84,,,,89.59,11.2,12.26,15.58,,,,1.38,12.9,73.33,26.95,14.61,71.95
2018,11,102.36,132.08,116.35,7.25,36.54,22.46,8.69,17.41,27.87,,77.63,,102.24,,,,90.35,11.3,12.09,15.59,,,,1.42,13.07,74.41,27.28,14.74,74.09
2018,12,102.29,129.74,116.45,7.22,36.32,22.49,8.72,17.48,27.85,,76.33,,103.09,,,,91,11.33,11.88,15.6,,,,1.45,13.08,74.67,27.27,14.85,73.65
2019,1,101.58,130.76,115.95,7.29,36.45,22.72,8.8,17.68,27.66,,76.11,,102.62,,,,93.18,11.29,11.84,15.53,,,,1.44,12.96,74.85,27.08,14.95,72.5
2019,2,100.23,130.29,113.81,7.27,36.64,23.23,8.94,17.96,27.29,,75.87,,100.06,,,,90.89,10.84,11.68,15.24,,,,1.41,12.77,74.03,26.73,14.87,71.58
2019,3,100.36,132.29,113.51,6.99,36.92,23.36,8.97,18.01,27.32,,75.15,,100.3,,,,90.26,10.81,11.68,15.21,,,,1.44,12.79,74.13,26.76,14.96,71.13
2019,4,101.07,131.77,113.58,7.13,36.97,22.88,8.93,18.1,27.52,,75.54,,100.44,,,,90.59,10.84,11.79,15.21,,,,1.46,12.88,74.54,26.95,15.05,71.88
2019,5,101.15,130.07,113.17,7.01,37.22,22.74,8.96,18.12,27.54,,75.16,,100.05,,,,91.95,10.54,11.57,15.16,,,,1.45,12.89,73.78,26.97,14.76,70.26
2019,6,101.69,128.82,114.73,6.96,36.72,22.61,8.94,18.07,27.69,,76.44,,102.79,,,,94.1,10.79,11.77,15.37,,,,1.46,13,74.58,27.11,14.73,70.55
2019,7,103.16,128.92,115.83,7.35,35.84,22.3,8.86,17.83,28.08,,78.78,,104.5,,,,95.35,10.97,11.99,15.52,,,,1.5,13.21,75.82,27.51,15,72.09
2019,8,103.3,125.59,114.96,6.84,35.76,22.26,8.88,17.86,28.12,,77.82,,105.46,,,,97.12,10.71,11.53,15.41,,,,1.45,13.18,74.62,27.54,14.64,70
2019,9,103.8,128.16,114.35,6.99,35.41,22.15,8.87,17.79,28.26,,78.35,,104.8,,,,96.68,10.68,11.52,15.32,,,,1.45,13.25,75.21,27.67,14.58,70.65
2019,10,103.67,130.65,114.41,6.95,35.65,22.19,8.88,17.89,28.22,,78.54,,104.25,,,,95.88,10.59,11.32,15.32,,,,1.46,13.22,75.56,27.64,14.6,70.33
2019,11,102.39,131.96,113.22,6.91,36.12,22.49,9.08,18.31,27.88,,77.38,,103.15,,,,94.09,10.62,11.18,15.17,,,,1.43,13.08,75.18,27.3,14.58,70
2019,12,101.5,132.88,112.67,7.02,36.21,22.65,9.25,18.5,27.63,,76.93,,103.06,,,,92.96,10.75,11.21,15.08,,,,1.43,13,74.73,27.06,14.46,69.69
2020,1,101.09,132.15,112.29,7.04,36.41,22.79,9.38,18.61,27.52,,77.3,,104.18,,,,92.47,10.64,11.31,15.02,,,,1.42,13,74.85,26.95,14.6,69.42
2020,2,100.79,130.83,109.94,6.72,36.45,22.91,9.43,18.71,27.44,,75.94,,103.24,,,,91.58,10.4,10.86,14.72,,,,1.41,12.97,72.59,26.87,14.4,67.28
2020,3,103.74,128.54,114.67,6.29,36.33,22.23,9.16,18.22,28.24,,74.66,,108.24,,,,96.37,10.56,10.24,15.35,,,,1.39,13.36,73.29,27.63,14.79,64.78
2020,4,106.41,131.92,115.61,5.74,35.56,21.75,8.95,17.77,28.97,,75.63,,109.66,,,,98.78,10.61,10.2,15.5,,,,1.4,13.73,74.72,28.3,15.04,67.01
2020,5,106.68,131.29,116.12,5.87,35.54,21.7,8.88,17.8,29.04,,76.32,,109.93,,,,99.55,10.94,10.54,15.58,,,,1.41,13.76,75.21,28.4,15.02,69.45
2020,6,106.4,133.38,119.83,6.22,35.13,21.76,8.96,17.9,28.97,,78.51,,111.81,,,,98.92,11.43,11.18,16.08,,,,1.41,13.73,76.34,28.36,15.02,73.3
2020,7,107.27,135.3,122.51,6.39,34.53,21.62,8.92,17.95,29.2,,79.32,,114.55,,,,100.34,11.82,11.49,16.47,,,,1.43,13.84,77.21,28.6,15.29,75.2
2020,8,108.14,141.85,127.83,6.28,34,21.48,8.91,17.84,29.44,,81.62,,118.74,,,,102.07,12.41,12.08,17.18,,,,1.45,13.95,78.95,28.83,15.6,77.8
2020,9,108.41,140.89,128.01,6.48,34.08,21.4,8.94,17.81,29.51,,82.12,,118.59,,,,102.68,12.29,11.9,17.19,,,,1.48,13.99,79.43,28.9,15.92,78.57
2020,10,108.64,140.94,127.85,6.59,34.22,21.35,8.99,17.8,29.58,,82.18,,118.99,,,,103.22,12.29,11.7,17.18,,,,1.48,14.02,79.88,28.96,16.14,77.48
2020,11,109.25,144.13,129.15,7,33.97,21.23,9.01,17.73,29.74,,83.45,,119.83,,,,104.62,12.61,11.98,17.34,,,,1.47,14.09,81.01,29.13,16.53,79.27
2020,12,110.59,148.42,134.33,7.41,33.16,20.97,8.95,17.53,30.11,,86.21,,124.36,,,,106.55,13.21,12.68,18.07,,,,1.5,14.27,82.94,29.48,16.9,83.09
2021,1,109.83,149.75,133.8,7.26,33.61,21.11,9.03,17.68,29.9,,86.37,,123.91,,,,105.9,13.26,12.91,17.98,,,,1.5,14.17,82.83,29.28,16.96,84.85
2021,2,109.68,151.8,132.62,7.41,33.43,21.14,9.05,17.72,29.86,,86.27,,122.27,,,,104.12,13.14,12.88,17.83,,,,1.51,14.15,82.58,29.24,16.98,84.89
2021,3,109.73,152.21,130.86,7.32,33.38,21.13,9.05,17.74,29.87,,87.19,,118.26,,,,101.11,12.86,12.86,17.58,,,,1.51,14.13,81.77,29.26,16.86,84.56
2021,4,107.95,149.3,129.13,7.49,33.59,21.48,9.25,18.05,29.39,,86.29,,117.14,,,,99.03,12.72,12.88,17.38,,,,1.45,13.89,80.93,28.78,16.56,83.21
2021,5,107.43,151.06,130.41,7.63,33.09,21.59,9.32,18.37,29.25,,88.51,,118.88,,,,98.43,12.85,12.92,17.54,,,,1.47,13.83,80.78,28.65,16.7,83.38
2021,6,107.81,151.45,130.07,7.76,32.84,21.51,9.3,18.34,29.35,,88.32,,118.87,,,,97.99,12.85,12.81,17.48,,,,1.47,13.89,80.9,28.75,16.79,82.52
2021,7,108.14,149.37,127.89,7.45,32.84,21.44,9.31,18.32,29.44,,86.47,,117.7,,,,98,12.55,12.35,17.2,,,,1.45,13.92,79.87,28.83,16.71,80.4
2021,8,109.24,150.87,128.59,7.39,32.39,21.23,9.23,18.16,29.74,,86.71,,119.51,,,,99.47,12.59,12.33,17.29,,,,1.47,14.03,80.59,29.13,16.86,79.74
2021,9,110.15,151.51,129.78,7.56,32.06,21.04,9.2,18.03,29.99,,86.98,,119.42,,,,100.06,12.75,12.74,17.44,,,,1.5,14.16,81.75,29.37,17.06,80.62
2021,10,110.86,151.58,128.6,7.44,32.28,20.78,9.17,17.94,30.18,,88.98,,119.92,,,,98.03,12.77,13.06,17.28,,,,1.48,14.25,82,29.56,17.25,81.87
2021,11,111.92,150.97,127.94,7.23,31.74,20.57,9.15,17.79,30.47,,89.19,,121.41,,,,98.12,12.75,12.86,17.19,,,,1.5,14.37,82.52,29.84,17.51,81.95
2021,12,112.91,150.15,127.64,7.1,31.49,20.4,9.18,17.65,30.74,,88.19,,122.65,,,,99.2,12.43,12.57,17.17,,,,1.5,14.48,82.8,30.09,17.73,80.74
2022,1,113.38,153.59,128.42,7.31,31.13,20.33,9.15,17.61,30.87,,89.85,,123.44,,,,98.63,12.41,12.83,17.25,,,,1.52,14.55,83.92,30.21,17.84,81.37
2022,2,113.66,153.71,128.79,7.45,30.92,20.35,9.11,17.59,30.94,,89.32,,123.15,,,,98.69,12.22,12.8,17.31,,,,1.52,14.57,84.37,30.29,17.91,81.3
2022,3,114.32,151,126.21,7.61,31.39,20.27,8.91,17.79,31.12,,90.27,,123.01,,,,96.64,11.95,12.95,16.94,,,,1.5,14.61,84.13,30.47,18.02,84.19
2022,4,115.4,150.09,125.52,7.73,30.68,20.13,8.83,17.78,31.42,,91.59,,122.7,,,,91.83,12.14,13.05,16.85,,,,1.52,14.72,84.6,30.77,17.98,85.26
2022,5,116.28,145.08,122.96,7.34,31.24,20,8.78,17.66,31.66,,90.59,,118.66,,,,90.3,11.73,12.13,16.53,,,,1.51,14.81,84.14,31,17.35,81.98
2022,6,117.29,144.83,124.14,7.44,31.91,19.87,8.72,17.54,31.93,,91.63,,121.06,,,,87.58,11.71,12.06,16.69,,,,1.5,14.94,84.79,31.26,17.53,82.55
2022,7,118.32,141.85,120.72,7.03,32.04,19.71,8.68,17.4,32.21,,91.41,,122.08,,,,86.57,11.39,11.82,16.21,,,,1.49,15.08,84.76,31.51,17.57,81.06
2022,8,119.45,143.46,121.03,7.16,32.08,19.52,8.64,17.26,32.52,,92.54,,124.89,,,,88.51,11.53,12.32,16.27,,,,1.5,15.23,86.32,31.8,17.57,83.18
2022,9,120.42,136.66,119.31,6.87,31.76,19.36,8.69,17.15,32.78,,90.47,,123.6,,,,84.26,11.06,11.76,16.02,,,,1.5,15.34,85.2,32.03,17.16,80.51
2022,10,121.03,136.6,119.03,6.69,31.61,19.27,8.8,17.08,32.95,,88.34,,121.71,,,,82.32,10.89,11.45,16.03,,,,1.47,15.42,85.05,32.2,16.84,77.2
2022,11,121.9,142.97,124.17,6.96,30.85,19.13,8.79,16.97,33.19,,90.64,,126.14,,,,85.6,11.42,12.01,16.7,,,,1.49,15.57,87.84,32.43,16.98,80.33
2022,12,122.93,149.8,130,7.12,30.01,18.98,8.73,16.85,33.47,,90.56,,131.77,,,,90.91,11.85,12.46,17.48,,,,1.49,15.79,90.85,32.69,17.6,82.95
2023,1,123.93,151.33,133.43,7.25,29.79,18.85,8.67,16.73,33.74,,92.25,,133.98,,,,95.05,11.91,12.46,17.94,,,,1.51,15.85,93.46,32.99,18.24,86.01
2023,2,125.45,151.87,134.53,7.03,29.36,18.64,8.66,16.55,34.15,,93.37,,135.8,,,,94.66,12.03,12.28,18.08,,,,1.52,15.99,94.36,33.44,18.38,86.83
2023,3,129.74,157.35,138.79,7.09,28.84,18.04,8.43,16.03,35.32,,94.8,,140.07,,,,96.95,12.37,12.32,18.65,,,,1.58,16.53,96.7,34.55,18.8,86.66
2023,4,134.4,167.26,147.39,7.4,27.87,17.45,8.24,15.49,36.6,,99.75,,149.56,,,,100.71,13,12.82,19.77,,,,1.64,17.12,100.93,35.83,19.51,90.04
2023,5,137.26,171.35,149.22,7.22,27.18,17.18,8.16,18.83,37.38,,101.68,,153.11,,,,100.14,13.15,12.73,20.04,,,,1.67,17.52,102.5,36.6,19.65,91.38
2023,6,139.73,176.27,151.37,7.46,26.54,17.08,8.18,20.22,38.04,,105.12,,155.22,,,,99.12,12.98,12.95,20.34,,,,1.7,17.84,103.86,37.25,19.52,93.96
2023,7,141.45,182.06,156.29,7.76,25.93,17.26,8.26,20.01,38.51,,107.01,,161.76,,,,100.16,13.43,13.76,20.98,,,,1.72,18.09,105.92,37.71,19.67,95.24
2023,8,143.93,182.92,157.1,7.69,25.61,17.31,8.22,19.68,39.19,,106.86,,163.93,,,,99.45,13.32,13.79,21.09,,,,1.74,18.39,106.62,38.37,19.86,93.49
2023,9,146.77,182.29,156.89,7.74,25.48,17.04,8.16,19.3,39.96,,108.44,,163.57,,,,99.46,13.25,13.69,21.04,,,,1.77,18.75,107.69,39.13,20.11,94.31
2023,10,149.40,181.86,157.77,7.83,25.13,16.76,8.17,19.00,40.67,,108.99,,165.14,,,,99.86,13.54,13.57,21.14,,,,1.80,19.09,109.09,39.83,20.45,94.73
